Temperature (°C),Reference voltage (V)
-40.0,0.879804
-35.0,0.880391
-30.0,0.879409
-25.0,0.881519
-15.0,0.895431
-5.0,0.899422
0.0,0.900875
5.0,0.899922
10.0,0.901016
15.0,0.901638
20.0,0.902719
25.0,0.904549
27.0,0.901101
30.0,0.90526
35.0,0.906392
40.0,0.908469
45.0,0.90762
50.0,0.909003
55.0,0.912791
60.0,0.925698
65.0,0.915911
110.0,0.93251
115.0,0.934625
120.0,0.936794
125.0,0.939018
