Temperature (°C),Reference voltage (V),Coarse code,Fine code
95.0,0.0147764,0.01,0.009
100.0,0.0147993,0.01,0.009
105.0,0.0148344,0.01,0.009
