Temperature (°C),Output voltage (V)
-40.0,0.330042
-35.0,0.348947
-30.0,0.347226
-25.0,0.364879
-15.0,0.377403
-5.0,0.371057
0.0,0.390455
5.0,0.405426
15.0,0.420033
20.0,0.433158
25.0,0.436444
30.0,0.43501
35.0,0.450481
40.0,0.45383
45.0,0.468002
50.0,0.467633
60.0,0.479967
70.0,0.496377
75.0,0.504733
85.0,0.520438
95.0,0.538695
