,iv1,iv2,vg1,vg2,vr,v1,v2,ivdd,ivss,vdd,vss,name,type,time,OK
0,198.6339,172.0443,0.9188366,0.5245596,3.123011,0.0,0.0,-471.6361,-3.459085e-05,1.8,0.0,tran_SchGtKttTtVt,Sch,Tue Sep 16 14:17:15 2025,False
