,iv1,iv2,ivdd,ivss,name,type,time,OK
0,95.40366,7.398045,92.26929999999999,1.757189e-05,tran_SchGtKttTtVt,Sch,Mon Sep 15 14:16:09 2025,False
