,iv6,iv5,iv4,iv3,iv2,iv1,vg3,vg2,vg1,ivdd,ivss,vr,name,type,time,OK
0,3.792528,3.046297,3.067307,3.0512729999999997,3.398244,3.040125,0.6766496,1.437396,0.6542497,-6.821753,1.5274670000000002e-09,0.05342514,tran_SchGtKttTtVt,Sch,Mon Sep 22 21:10:37 2025,False
