Temperature (°C),Output voltage (V),Coarse code,Fine code,Minimum power (uW),Maximum power (uW),Average power (uW)
-40.0,0.828004,0.009,0.004,-1.7294058000000003e-05,0.0005946282,0.00010234034722948393
0.0,0.854967,0.009,0.005,-5.860332e-05,0.0006391278,9.831902964546281e-05
125.0,0.909334,0.009,0.006,-0.00013602636,0.0007720794,6.402619341741122e-05
