Temperature (°C),Output voltage (V),Coarse code,Fine code,Minimum power (uW),Maximum power (uW),Average power (uW)
-40.0,0.892656,0.01,0.002,-18.669600000000003,638.9424,101.50410904584449
0.0,0.911208,0.01,0.002,-64.7757,687.096,100.21586161616676
125.0,0.958366,0.009,0.007,-147.53862,833.5944000000001,64.60029434622382
