,iv6,iv5,iv4,iv3,iv2,iv1,vg3,vg2,vg1,ivdd,ivss,vr,name,type,time,OK
0,-7.613238,-3.755428,6.975442,6.914105,0.0019634270000000002,-0.4135503,1620.22,193.1952,7.37011,11.36866,-8.051596,62.343329999999995,tran_SchGtKttTtVt,Sch,Mon Sep 15 23:43:55 2025,False
