,iv6,iv5,iv4,iv3,iv2,iv1,vg3,vg2,vg1,ivdd,ivss,vr,name,type,time,OK
0,-8.077574,-3.9357559999999996,7.486285,7.524469999999999,0.002507693,-0.4347962,1710.3429999999998,202.73579999999998,7.960460000000001,12.013330000000002,-8.472301999999999,73.21276,tran_SchGtKttTtVh,Sch,Tue Sep 16 09:33:19 2025,False
1,-7.613241,-3.755428,6.975442,6.914105,0.001963429,-0.4135503,1620.22,193.1952,7.37011,11.36867,-3.8464490000000002,62.34335,tran_SchGtKttTtVt,Sch,Tue Sep 16 09:33:19 2025,False
2,-7.146324,-3.568484,6.46701,6.320888,0.001531958,-0.3905981,1530.0339999999999,183.50459999999998,6.821897000000001,10.71481,-1.63406,53.26482,tran_SchGtKttTtVl,Sch,Tue Sep 16 09:33:19 2025,False
