,iv6,iv5,iv4,iv3,iv2,iv1,vg1,vg2,vg3,ivdd,ivss,vr,name,type,time,OK
0,-7.613241,-3.755428,6.975442,6.914105,0.001963429,-0.4135503,7.37011,193.1952,1620.22,11.36867,-3.8464490000000002,62.34335,tran_SchGtKttTtVt,Sch,Mon Sep 15 16:32:56 2025,False
